Year,Month,Exports,Imports,Trade balance
1975,October,"2,124,678,652","797,795,807","1,326,882,845"
1975,November,"2,208,209,921","768,761,420","1,439,448,501"
1975,December,"1,995,899,228","736,328,745","1,259,570,483"
1976,January,"2,026,970,717","780,163,801","1,246,806,916"
1976,February,"1,769,280,550","737,396,244","1,031,884,306"
1976,March,"1,915,413,663","916,800,843","998,612,820"
1976,April,"1,977,571,405","851,196,018","1,126,375,387"
1976,May,"1,893,623,469","816,129,325","1,077,494,144"
1976,June,"1,867,928,479","972,383,477","895,545,002"
1976,July,"1,835,916,557","914,630,869","921,285,688"
1976,August,"1,801,451,538","900,417,465","901,034,073"
1976,September,"1,842,358,509","859,575,297","982,783,212"
1976,October,"2,305,410,074","771,250,238","1,534,159,836"
1976,November,"2,159,972,213","932,593,800","1,227,378,413"
1976,December,"2,135,338,664","1,045,570,877","1,089,767,787"
1977,January,"1,942,816,835","1,085,930,818","856,886,017"
1977,February,"2,085,250,385","1,083,713,299","1,001,537,086"
1977,March,"2,350,566,603","1,235,705,408","1,114,861,195"
1977,April,"2,251,724,469","1,347,808,037","903,916,432"
1977,May,"2,254,080,626","1,217,969,856","1,036,110,770"
1977,June,"1,937,476,179","1,183,888,586","753,587,593"
1977,July,"1,806,050,951","956,352,211","849,698,740"
1977,August,"1,599,478,624","967,135,775","632,342,849"
1977,September,"1,804,965,896","955,283,661","849,682,235"
1977,October,"1,741,180,473","796,794,001","944,386,472"
1977,November,"2,123,762,121","786,213,818","1,337,548,303"
1977,December,"2,398,640,779","1,221,501,183","1,177,139,596"
1978,January,"1,970,206,890","1,209,138,324","761,068,566"
1978,February,"2,138,253,634","1,184,423,114","953,830,520"
1978,March,"2,600,401,990","1,336,797,126","1,263,604,864"
1978,April,"2,576,782,773","1,241,222,019","1,335,560,754"
1978,May,"2,805,292,516","1,215,305,697","1,589,986,819"
1978,June,"2,731,743,722","1,106,259,819","1,625,483,903"
1978,July,"2,200,514,788","1,148,590,044","1,051,924,744"
1978,August,"2,481,962,357","972,700,436","1,509,261,921"
1978,September,"2,359,750,240","1,046,738,643","1,313,011,597"
1978,October,"2,739,428,146","1,180,009,567","1,559,418,579"
1978,November,"2,887,002,446","1,241,456,726","1,645,545,720"
1978,December,"2,812,707,996","1,292,716,009","1,519,991,987"
1979,January,"2,491,831,462","1,397,198,903","1,094,632,559"
1979,February,"2,429,087,545","1,166,701,954","1,262,385,591"
1979,March,"2,989,381,968","1,310,989,646","1,678,392,322"
1979,April,"2,753,526,097","1,384,963,919","1,368,562,178"
1979,May,"2,614,172,367","1,317,830,269","1,296,342,098"
1979,June,"2,881,565,303","1,415,953,097","1,465,612,206"
1979,July,"2,816,861,969","1,215,235,897","1,601,626,072"
1979,August,"2,849,009,950","1,240,094,102","1,608,915,848"
1979,September,"2,816,767,592","1,189,649,423","1,627,118,169"
1979,October,"3,608,514,476","1,217,060,410","2,391,454,066"
1979,November,"3,886,033,144","1,474,818,169","2,411,214,975"
1979,December,"3,784,308,804","1,556,231,539","2,228,077,265"
1980,January,"3,364,483,282","1,572,377,043","1,792,106,239"
1980,February,"3,438,156,698","1,284,743,001","2,153,413,697"
1980,March,"3,850,938,732","1,429,905,703","2,421,033,029"
1980,April,"3,586,357,918","1,384,318,582","2,202,039,336"
1980,May,"3,297,776,758","1,363,266,723","1,934,510,035"
1980,June,"3,129,471,296","1,408,943,132","1,720,528,164"
1980,July,"3,105,333,826","1,372,584,149","1,732,749,677"
1980,August,"3,338,210,738","1,282,544,338","2,055,666,400"
1980,September,"3,348,569,405","1,166,176,525","2,182,392,880"
1980,October,"3,791,127,471","1,388,910,976","2,402,216,495"
1980,November,"3,895,268,392","1,481,845,501","2,413,422,891"
1980,December,"4,383,929,669","1,488,470,064","2,895,459,605"
1981,January,"4,174,192,748","1,523,885,059","2,650,307,689"
1981,February,"3,948,354,526","1,540,236,273","2,408,118,253"
1981,March,"4,808,869,980","1,425,264,816","3,383,605,164"
1981,April,"3,864,274,546","1,323,183,703","2,541,090,843"
1981,May,"3,684,946,990","1,466,387,106","2,218,559,884"
1981,June,"3,304,737,470","1,255,393,179","2,049,344,291"
1981,July,"2,953,177,160","1,148,303,429","1,804,873,731"
1981,August,"3,036,372,602","1,266,221,089","1,770,151,513"
1981,September,"3,325,637,634","1,212,063,802","2,113,573,832"
1981,October,"4,047,995,905","1,388,265,281","2,659,730,624"
1981,November,"3,910,507,155","1,177,440,735","2,733,066,420"
1981,December,"3,679,266,939","1,342,828,041","2,336,438,898"
1982,January,"3,367,755,301","1,182,025,047","2,185,730,254"
1982,February,"3,641,614,120","1,019,402,882","2,622,211,238"
1982,March,"3,835,034,053","1,285,134,857","2,549,899,196"
1982,April,"3,589,557,543","1,146,613,942","2,442,943,601"
1982,May,"3,521,069,318","1,285,679,956","2,235,389,362"
1982,June,"3,249,186,491","1,314,479,847","1,934,706,644"
1982,July,"2,538,752,470","1,115,174,317","1,423,578,153"
1982,August,"2,606,681,975","1,318,319,701","1,288,362,274"
1982,September,"2,505,502,242","1,270,844,314","1,234,657,928"
1982,October,"3,014,545,217","1,434,538,921","1,580,006,296"
1982,November,"3,169,093,597","1,209,498,444","1,959,595,153"
1982,December,"2,994,700,660","1,191,958,150","1,802,742,510"
1983,January,"3,220,348,626","1,449,393,026","1,770,955,600"
1983,February,"3,133,770,555","1,238,989,411","1,894,781,144"
1983,March,"3,274,950,957","1,339,846,663","1,935,104,294"
1983,April,"3,079,097,354","1,422,990,238","1,656,107,116"
1983,May,"2,779,738,062","1,442,901,072","1,336,836,990"
1983,June,"2,923,900,550","1,203,225,377","1,720,675,173"
1983,July,"2,700,018,264","1,251,619,717","1,448,398,547"
1983,August,"2,712,069,119","1,364,171,554","1,347,897,565"
1983,September,"3,085,494,173","1,276,591,492","1,808,902,681"
1983,October,"3,277,947,477","1,455,120,079","1,822,827,398"
1983,November,"3,587,414,367","1,320,087,080","2,267,327,287"
1983,December,"3,607,975,938","1,295,712,082","2,312,263,856"
1984,January,"3,628,736,040","1,608,816,020","2,019,920,020"
1984,February,"3,474,822,698","1,530,514,895","1,944,307,803"
1984,March,"3,931,022,285","1,657,664,365","2,273,357,920"
1984,April,"3,293,277,698","1,726,084,278","1,567,193,420"
1984,May,"3,278,955,563","1,573,743,331","1,705,212,232"
1984,June,"2,679,760,902","1,219,562,183","1,460,198,719"
1984,July,"2,804,323,067","1,742,883,980","1,061,439,087"
1984,August,"2,671,655,885","1,504,601,938","1,167,053,947"
1984,September,"3,036,543,198","1,520,240,963","1,516,302,235"
1984,October,"2,990,452,874","1,628,646,373","1,361,806,501"
1984,November,"3,653,523,506","1,490,235,779","2,163,287,727"
1984,December,"3,639,304,136","1,402,204,099","2,237,100,037"
1985,January,"3,264,148,963","1,731,356,531","1,532,792,432"
1985,February,"3,040,769,528","1,672,103,192","1,368,666,336"
1985,March,"2,844,397,833","1,879,490,830","964,907,003"
1985,April,"2,722,135,225","1,618,112,362","1,104,022,863"
1985,May,"2,195,940,769","1,617,125,928","578,814,841"
1985,June,"2,103,904,490","1,649,306,070","454,598,420"
1985,July,"1,899,398,016","1,408,656,457","490,741,559"
1985,August,"2,144,154,757","1,462,894,533","681,260,224"
1985,September,"2,010,833,656","1,634,611,326","376,222,330"
1985,October,"2,448,603,639","1,382,889,689","1,065,713,950"
1985,November,"2,917,892,639","1,600,215,173","1,317,677,466"
1985,December,"2,765,673,023","1,806,116,473","959,556,550"
1986,January,"2,633,553,118","1,960,043,041","673,510,077"
1986,February,"2,593,835,847","1,705,026,689","888,809,158"
1986,March,"2,527,698,306","1,831,519,715","696,178,591"
1986,April,"2,238,683,922","1,732,471,650","506,212,272"
1986,May,"1,981,704,263","1,992,031,631","-10,327,368"
1986,June,"1,814,209,804","1,574,875,338","239,334,466"
1986,July,"1,841,574,009","1,757,586,190","83,987,819"
1986,August,"2,012,736,359","1,613,404,020","399,332,339"
1986,September,"2,047,994,113","1,591,990,571","456,003,542"
1986,October,"2,572,518,826","1,635,413,050","937,105,776"
1986,November,"2,667,066,557","1,907,272,085","759,794,472"
1986,December,"2,872,604,933","1,895,397,579","977,207,354"
1987,January,"2,288,817,978","1,426,086,978","862,731,000"
1987,February,"2,372,288,228","1,690,457,219","681,831,009"
1987,March,"2,589,801,801","1,866,895,729","722,906,072"
1987,April,"2,445,978,097","1,759,766,339","686,211,758"
1987,May,"2,372,476,840","1,664,382,264","708,094,576"
1987,June,"2,286,152,867","1,741,255,786","544,897,081"
1987,July,"2,603,826,394","1,669,708,459","934,117,935"
1987,August,"2,358,809,284","1,512,666,212","846,143,072"
1987,September,"2,552,185,626","1,560,427,962","991,757,664"
1987,October,"2,917,220,724","1,809,538,018","1,107,682,706"
1987,November,"3,058,464,566","1,666,248,644","1,392,215,922"
1987,December,"3,208,156,561","1,657,629,169","1,550,527,392"
1988,January,"3,087,619,391","1,737,110,766","1,350,508,625"
1988,February,"3,386,723,454","1,868,676,779","1,518,046,675"
1988,March,"3,591,472,457","1,876,136,205","1,715,336,252"
1988,April,"3,294,901,728","1,667,667,452","1,627,234,276"
1988,May,"3,241,078,247","1,621,416,625","1,619,661,622"
1988,June,"2,957,332,415","1,562,757,841","1,394,574,574"
1988,July,"2,908,529,471","1,566,430,022","1,342,099,449"
1988,August,"3,131,957,086","1,782,003,126","1,349,953,960"
1988,September,"3,417,624,523","1,601,868,764","1,815,755,759"
1988,October,"3,563,637,130","1,685,720,505","1,877,916,625"
1988,November,"3,619,411,365","1,697,600,076","1,921,811,289"
1988,December,"3,897,392,368","1,618,840,706","2,278,551,662"
1989,January,"3,572,759,963","1,944,181,618","1,628,578,345"
1989,February,"3,784,013,003","1,938,393,142","1,845,619,861"
1989,March,"4,346,041,608","1,988,083,487","2,357,958,121"
1989,April,"3,660,747,105","1,858,001,700","1,802,745,405"
1989,May,"3,629,417,029","1,985,540,520","1,643,876,509"
1989,June,"3,374,098,550","1,783,165,431","1,590,933,119"
1989,July,"3,281,629,119","1,742,594,171","1,539,034,948"
1989,August,"3,146,023,395","1,915,913,192","1,230,110,203"
1989,September,"3,375,485,100","1,655,370,211","1,720,114,889"
1989,October,"3,762,970,798","2,022,052,618","1,740,918,180"
1989,November,"4,024,916,314","1,992,064,892","2,032,851,422"
1989,December,"4,036,954,385","1,822,541,845","2,214,412,540"
1990,January,"4,114,918,342","2,108,224,774","2,006,693,568"
1990,February,"3,865,691,064","2,083,358,956","1,782,332,108"
1990,March,"4,511,114,374","2,228,134,927","2,282,979,447"
1990,April,"3,827,214,731","1,991,855,307","1,835,359,424"
1990,May,"3,752,386,987","2,092,787,363","1,659,599,624"
1990,June,"3,650,225,891","1,918,881,431","1,731,344,460"
1990,July,"3,186,632,583","1,897,064,628","1,289,567,955"
1990,August,"3,431,641,552","1,831,087,366","1,600,554,186"
1990,September,"3,182,910,791","1,822,788,385","1,360,122,406"
1990,October,"3,734,003,818","2,138,530,736","1,595,473,082"
1990,November,"4,056,597,894","2,028,333,332","2,028,264,562"
1990,December,"3,746,247,491","1,906,965,193","1,839,282,298"
1991,January,"3,872,272,889","2,001,590,751","1,870,682,138"
1991,February,"4,058,028,976","1,924,848,547","2,133,180,429"
1991,March,"4,184,673,769","2,025,308,677","2,159,365,092"
1991,April,"3,544,370,051","2,140,383,184","1,403,986,867"
1991,May,"3,475,644,263","2,067,113,559","1,408,530,704"
1991,June,"3,036,446,865","1,983,987,470","1,052,459,395"
1991,July,"3,216,789,645","1,868,568,825","1,348,220,820"
1991,August,"3,286,571,220","1,811,865,993","1,474,705,227"
1991,September,"3,246,963,714","1,918,433,701","1,328,530,013"
1991,October,"4,126,098,326","2,171,101,627","1,954,996,699"
1991,November,"4,226,949,763","2,014,756,142","2,212,193,621"
1991,December,"4,157,643,993","2,037,495,471","2,120,148,522"
1992,January,"3,980,691,549","2,117,784,793","1,862,906,756"
1992,February,"4,241,618,743","2,019,997,438","2,221,621,305"
1992,March,"4,125,229,478","2,201,058,963","1,924,170,515"
1992,April,"3,989,719,882","2,265,651,694","1,724,068,188"
1992,May,"3,588,474,360","2,107,590,700","1,480,883,660"
1992,June,"3,594,202,461","2,258,046,068","1,336,156,393"
1992,July,"3,684,083,674","2,580,112,165","1,103,971,509"
1992,August,"3,612,861,510","2,008,676,939","1,604,184,571"
1992,September,"3,828,718,656","2,059,031,562","1,769,687,094"
1992,October,"4,738,573,731","2,238,137,626","2,500,436,105"
1992,November,"4,463,710,167","2,097,740,423","2,365,969,744"
1992,December,"4,314,403,067","2,175,893,845","2,138,509,222"
1993,January,"3,945,821,010","2,164,415,791","1,781,405,219"
1993,February,"4,208,876,200","2,025,288,316","2,183,587,884"
1993,March,"4,275,613,755","2,428,219,076","1,847,394,679"
1993,April,"4,043,144,265","2,233,407,816","1,809,736,449"
1993,May,"3,786,798,111","2,253,614,861","1,533,183,250"
1993,June,"3,558,208,394","2,198,900,697","1,359,307,697"
1993,July,"3,476,327,412","1,940,167,822","1,536,159,590"
1993,August,"3,431,482,784","2,026,711,047","1,404,771,737"
1993,September,"3,691,201,035","2,134,323,489","1,556,877,546"
1993,October,"4,278,315,635","2,335,277,925","1,943,037,710"
1993,November,"4,484,942,829","2,241,378,467","2,243,564,362"
1993,December,"4,524,417,801","2,525,733,237","1,998,684,564"
1994,January,"4,090,331,326","2,260,539,141","1,829,792,185"
1994,February,"3,890,781,360","2,114,376,543","1,776,404,817"
1994,March,"4,401,691,621","2,521,327,427","1,880,364,194"
1994,April,"3,911,114,968","2,326,388,818","1,584,726,150"
1994,May,"3,995,446,200","2,294,249,733","1,701,196,467"
1994,June,"3,813,523,403","2,314,157,825","1,499,365,578"
1994,July,"3,641,600,286","2,085,258,791","1,556,341,495"
1994,August,"4,219,255,496","2,366,601,004","1,852,654,492"
1994,September,"4,243,694,280","2,519,830,191","1,723,864,089"
1994,October,"5,083,731,128","2,454,065,252","2,629,665,876"
1994,November,"5,435,835,497","2,534,639,177","2,901,196,320"
1994,December,"5,520,668,889","2,474,426,733","3,046,242,156"
1995,January,"4,992,970,148","2,579,186,479","2,413,783,669"
1995,February,"5,193,537,439","2,539,415,873","2,654,121,566"
1995,March,"5,596,867,149","2,820,440,625","2,776,426,524"
1995,April,"5,057,657,564","2,526,599,688","2,531,057,876"
1995,May,"4,829,397,547","2,626,838,514","2,202,559,033"
1995,June,"4,458,162,949","2,489,540,753","1,968,622,196"
1995,July,"4,525,034,966","2,474,210,745","2,050,824,221"
1995,August,"5,060,476,912","2,444,808,676","2,615,668,236"
1995,September,"5,203,909,744","2,514,325,517","2,689,584,227"
1995,October,"5,724,848,975","2,717,040,814","3,007,808,161"
1995,November,"5,811,203,473","2,664,375,235","3,146,828,238"
1995,December,"5,851,312,517","2,438,793,392","3,412,519,125"
1996,January,"5,933,396,178","2,671,262,519","3,262,133,659"
1996,February,"5,911,089,986","2,664,940,055","3,246,149,931"
1996,March,"6,148,694,126","2,900,483,320","3,248,210,806"
1996,April,"5,338,299,789","3,076,621,284","2,261,678,505"
1996,May,"5,303,765,218","2,985,784,881","2,317,980,337"
1996,June,"4,869,947,100","2,760,201,020","2,109,746,080"
1996,July,"4,859,188,238","2,860,793,419","1,998,394,819"
1996,August,"5,175,544,664","2,876,021,462","2,299,523,202"
1996,September,"4,946,125,101","2,804,206,606","2,141,918,495"
1996,October,"5,871,848,529","3,183,940,443","2,687,908,086"
1996,November,"6,384,955,401","2,803,444,856","3,581,510,545"
1996,December,"5,711,066,165","3,012,896,022","2,698,170,143"
1997,January,"5,361,916,234","3,027,934,858","2,333,981,376"
1997,February,"5,384,019,102","2,905,773,578","2,478,245,524"
1997,March,"5,509,688,182","3,318,471,183","2,191,216,999"
1997,April,"5,020,400,239","3,310,056,210","1,710,344,029"
1997,May,"4,918,523,215","3,348,151,148","1,570,372,067"
1997,June,"4,553,438,206","3,093,226,427","1,460,211,779"
1997,July,"4,498,386,523","3,121,502,505","1,376,884,018"
1997,August,"4,882,983,119","2,976,702,970","1,906,280,149"
1997,September,"4,970,869,427","3,089,451,507","1,881,417,920"
1997,October,"6,084,796,496","3,301,611,244","2,783,185,252"
1997,November,"5,988,917,248","2,975,603,545","3,013,313,703"
1997,December,"5,675,739,752","3,403,176,847","2,272,562,905"
1998,January,"5,229,685,939","3,264,898,795","1,964,787,144"
1998,February,"5,151,194,530","3,241,516,779","1,909,677,751"
1998,March,"5,213,732,682","3,590,842,516","1,622,890,166"
1998,April,"4,654,716,088","3,480,477,453","1,174,238,635"
1998,May,"4,482,556,870","3,129,715,851","1,352,841,019"
1998,June,"4,499,178,339","3,267,969,693","1,231,208,646"
1998,July,"4,287,374,750","3,083,198,647","1,204,176,103"
1998,August,"4,236,521,691","3,012,866,346","1,223,655,345"
1998,September,"3,896,507,612","3,080,613,021","815,894,591"
1998,October,"5,324,650,479","3,382,184,328","1,942,466,151"
1998,November,"5,139,869,029","3,118,797,654","2,021,071,375"
1998,December,"5,179,716,788","3,333,050,086","1,846,666,702"
1999,January,"4,180,575,089","3,221,395,105","959,179,984"
1999,February,"4,256,211,327","3,151,264,367","1,104,946,960"
1999,March,"4,565,504,433","3,622,480,441","943,023,992"
1999,April,"4,202,037,531","3,542,661,907","659,375,624"
1999,May,"4,041,793,206","3,416,325,901","625,467,305"
1999,June,"4,099,779,066","3,507,989,229","591,789,837"
1999,July,"4,108,599,542","3,113,139,783","995,459,759"
1999,August,"4,296,867,269","3,191,778,805","1,105,088,464"
1999,September,"4,358,952,644","3,139,892,353","1,219,060,291"
1999,October,"5,042,068,023","3,354,750,517","1,687,317,506"
1999,November,"4,984,880,560","3,431,469,814","1,553,410,746"
1999,December,"4,780,504,612","3,583,255,072","1,197,249,540"
2000,January,"4,401,253,107","3,317,594,082","1,083,659,025"
2000,February,"4,596,843,092","3,397,958,298","1,198,884,794"
2000,March,"5,017,987,740","3,877,586,042","1,140,401,698"
2000,April,"4,285,160,787","3,560,471,086","724,689,701"
2000,May,"4,398,137,756","3,742,542,839","655,594,917"
2000,June,"4,367,761,963","3,523,577,812","844,184,151"
2000,July,"4,216,169,172","3,225,161,705","991,007,467"
2000,August,"4,682,792,817","3,444,322,921","1,238,469,896"
2000,September,"4,520,704,329","3,187,431,319","1,333,273,010"
2000,October,"5,356,098,918","3,589,601,609","1,766,497,309"
2000,November,"5,212,621,159","3,564,709,149","1,647,912,010"
2000,December,"4,860,486,988","3,448,192,020","1,412,294,968"
2001,January,"4,691,730,775","3,583,709,990","1,108,020,785"
2001,February,"4,892,370,526","3,271,004,781","1,621,365,745"
2001,March,"5,272,689,479","3,681,664,428","1,591,025,051"
2001,April,"4,594,979,598","3,653,293,031","941,686,567"
2001,May,"4,500,841,677","3,622,049,999","878,791,678"
2001,June,"4,329,431,194","3,521,089,699","808,341,495"
2001,July,"4,143,259,693","3,491,798,715","651,460,978"
2001,August,"4,718,711,760","3,436,446,663","1,282,265,097"
2001,September,"4,127,763,201","3,350,858,497","776,904,704"
2001,October,"5,498,156,895","3,914,876,511","1,583,280,384"
2001,November,"5,456,890,735","3,693,758,047","1,763,132,688"
2001,December,"4,853,851,382","3,392,509,064","1,461,342,318"
2002,January,"4,882,811,285","3,599,075,850","1,283,735,435"
2002,February,"4,888,284,597","3,414,481,679","1,473,802,918"
2002,March,"4,671,138,927","3,818,770,790","852,368,137"
2002,April,"4,254,632,822","3,994,451,744","260,181,078"
2002,May,"4,337,459,216","3,912,856,033","424,603,183"
2002,June,"4,305,661,213","3,646,861,833","658,799,380"
2002,July,"4,296,632,103","3,819,549,580","477,082,523"
2002,August,"4,415,405,760","3,682,334,798","733,070,962"
2002,September,"4,103,395,126","3,567,786,037","535,609,089"
2002,October,"4,991,667,178","3,904,817,163","1,086,850,015"
2002,November,"5,509,341,673","3,997,027,500","1,512,314,173"
2002,December,"5,120,353,976","3,991,898,550","1,128,455,426"
2003,January,"5,102,586,550","4,145,796,795","956,789,755"
2003,February,"4,923,109,055","3,734,417,082","1,188,691,973"
2003,March,"5,102,295,699","4,422,257,743","680,037,956"
2003,April,"4,612,335,515","4,514,775,689","97,559,826"
2003,May,"4,597,676,513","4,315,729,491","281,947,022"
2003,June,"4,599,548,771","3,986,047,871","613,500,900"
2003,July,"4,895,505,487","4,062,613,257","832,892,230"
2003,August,"4,576,770,423","3,858,541,415","718,229,008"
2003,September,"4,631,120,645","4,180,479,692","450,640,953"
2003,October,"6,221,264,946","4,588,298,850","1,632,966,096"
2003,November,"6,476,354,757","4,386,946,540","2,089,408,217"
2003,December,"6,280,241,835","4,717,477,361","1,562,764,474"
2004,January,"5,412,530,050","4,371,104,006","1,041,426,044"
2004,February,"5,387,058,861","4,256,486,594","1,130,572,267"
2004,March,"6,039,000,831","5,120,302,829","918,698,002"
2004,April,"5,173,365,098","5,003,469,641","169,895,457"
2004,May,"5,117,559,821","4,912,892,720","204,667,101"
2004,June,"4,706,042,345","5,026,110,429","-320,068,084"
2004,July,"4,818,283,639","4,657,247,918","161,035,721"
2004,August,"4,451,563,838","4,640,384,099","-188,820,261"
2004,September,"4,813,068,410","4,446,019,993","367,048,417"
2004,October,"6,027,804,204","4,817,114,479","1,210,689,725"
2004,November,"6,067,629,905","5,091,878,944","975,750,961"
2004,December,"5,873,824,922","5,164,810,542","709,014,380"
2005,January,"5,180,889,141","4,978,083,754","202,805,387"
2005,February,"5,284,741,400","4,702,826,106","581,915,294"
2005,March,"5,757,593,315","5,624,405,107","133,188,208"
2005,April,"5,154,011,833","5,364,176,965","-210,165,132"
2005,May,"5,249,905,876","5,410,264,464","-160,358,588"
2005,June,"5,120,778,608","5,300,384,758","-179,606,150"
2005,July,"5,229,805,896","4,890,391,902","339,413,994"
2005,August,"5,052,112,096","5,143,563,436","-91,451,340"
2005,September,"4,859,739,776","5,078,994,396","-219,254,620"
2005,October,"6,414,257,686","5,410,119,558","1,004,138,128"
2005,November,"6,349,107,620","5,675,263,401","673,844,219"
2005,December,"5,897,390,814","5,689,586,312","207,804,502"
2006,January,"5,768,778,628","5,756,462,982","12,315,646"
2006,February,"5,738,277,557","5,273,831,947","464,445,610"
2006,March,"6,602,869,781","6,384,697,961","218,171,820"
2006,April,"5,493,388,847","5,819,505,654","-326,116,807"
2006,May,"6,033,503,079","5,891,375,409","142,127,670"
2006,June,"5,860,399,082","5,683,902,883","176,496,199"
2006,July,"5,844,479,871","5,667,230,795","177,249,076"
2006,August,"5,614,841,074","6,011,549,668","-396,708,594"
2006,September,"5,613,845,975","5,604,657,477","9,188,498"
2006,October,"7,099,729,525","6,157,952,000","941,777,525"
2006,November,"7,081,468,581","6,178,968,946","902,499,635"
2006,December,"6,872,552,978","6,023,128,978","849,424,000"
2007,January,"6,872,463,256","6,384,946,832","487,516,424"
2007,February,"6,813,787,428","5,834,639,493","979,147,935"
2007,March,"7,157,699,103","6,846,995,027","310,704,076"
2007,April,"6,623,899,187","6,528,453,356","95,445,831"
2007,May,"6,922,894,881","6,560,946,506","361,948,375"
2007,June,"6,942,277,123","6,135,506,175","806,770,948"
2007,July,"6,876,525,489","6,336,046,199","540,479,290"
2007,August,"7,840,820,901","6,285,058,545","1,555,762,356"
2007,September,"8,122,953,222","5,898,379,575","2,224,573,647"
2007,October,"9,712,434,215","6,827,007,727","2,885,426,488"
2007,November,"9,819,515,938","6,823,775,637","2,995,740,301"
2007,December,"9,394,037,700","6,467,976,897","2,926,060,803"
2008,January,"9,643,022,337","6,970,009,350","2,673,012,987"
2008,February,"10,322,973,594","6,737,517,951","3,585,455,643"
2008,March,"10,727,323,982","7,369,778,711","3,357,545,271"
2008,April,"9,908,657,362","7,610,898,045","2,297,759,317"
2008,May,"9,669,041,147","7,374,138,131","2,294,903,016"
2008,June,"9,695,152,166","6,975,762,246","2,719,389,920"
2008,July,"9,886,233,989","7,073,559,772","2,812,674,217"
2008,August,"9,902,187,977","6,975,098,564","2,927,089,413"
2008,September,"9,270,852,736","7,021,532,706","2,249,320,030"
2008,October,"10,849,421,612","7,348,676,540","3,500,745,072"
2008,November,"9,532,417,681","6,796,437,189","2,735,980,492"
2008,December,"8,302,800,050","6,938,989,767","1,363,810,283"
2009,January,"7,836,501,332","6,595,408,053","1,241,093,279"
2009,February,"7,934,651,966","6,074,182,024","1,860,469,942"
2009,March,"8,150,280,979","6,933,404,603","1,216,876,376"
2009,April,"7,773,658,105","6,534,007,461","1,239,650,644"
2009,May,"7,670,891,423","6,247,653,715","1,423,237,708"
2009,June,"7,803,187,741","6,466,527,696","1,336,660,045"
2009,July,"7,677,345,709","6,318,882,733","1,358,462,976"
2009,August,"7,621,127,948","5,997,962,957","1,623,164,991"
2009,September,"7,492,120,144","5,989,221,571","1,502,898,573"
2009,October,"9,661,556,394","6,505,637,032","3,155,919,362"
2009,November,"10,949,799,643","6,295,630,255","4,654,169,388"
2009,December,"10,192,350,953","6,761,734,807","3,430,616,146"
2010,January,"9,855,434,854","6,726,710,066","3,128,724,788"
2010,February,"9,411,040,101","6,327,562,241","3,083,477,860"
2010,March,"10,115,862,269","7,802,922,352","2,312,939,917"
2010,April,"8,511,051,749","7,247,882,980","1,263,168,769"
2010,May,"8,459,133,631","7,249,457,364","1,209,676,267"
2010,June,"8,221,233,273","7,337,718,220","883,515,053"
2010,July,"8,201,623,085","6,863,009,335","1,338,613,750"
2010,August,"8,743,551,996","6,915,110,592","1,828,441,404"
2010,September,"8,916,115,979","6,900,882,528","2,015,233,451"
2010,October,"12,294,193,425","7,137,444,170","5,156,749,255"
2010,November,"13,140,608,953","7,495,263,164","5,645,345,789"
2010,December,"12,849,107,081","7,577,619,683","5,271,487,398"
2011,January,"12,460,941,391","7,927,652,664","4,533,288,727"
2011,February,"12,264,715,129","7,645,596,917","4,619,118,212"
2011,March,"13,812,863,680","8,982,446,712","4,830,416,968"
2011,April,"12,291,498,700","8,677,870,769","3,613,627,931"
2011,May,"11,345,409,993","8,850,338,911","2,495,071,082"
2011,June,"10,559,102,175","8,727,034,905","1,832,067,270"
2011,July,"10,280,610,554","7,968,655,764","2,311,954,790"
2011,August,"10,548,064,190","8,335,918,816","2,212,145,374"
2011,September,"10,242,488,323","8,138,862,593","2,103,625,730"
2011,October,"12,614,823,556","8,963,552,259","3,651,271,297"
2011,November,"13,213,239,822","8,952,597,533","4,260,642,289"
2011,December,"12,495,348,873","8,862,964,167","3,632,384,706"
2012,January,"11,845,960,281","9,231,039,135","2,614,921,146"
2012,February,"11,946,292,664","8,365,323,890","3,580,968,774"
2012,March,"12,407,439,426","9,750,803,034","2,656,636,392"
2012,April,"11,381,900,578","9,253,236,958","2,128,663,620"
2012,May,"11,526,368,356","9,372,285,058","2,154,083,298"
2012,June,"10,497,783,270","8,903,852,212","1,593,931,058"
2012,July,"10,623,744,961","9,052,744,276","1,571,000,685"
2012,August,"11,204,590,485","9,173,523,966","2,031,066,519"
2012,September,"11,442,261,179","8,460,151,214","2,982,109,965"
2012,October,"15,089,072,213","9,033,381,011","6,055,691,202"
2012,November,"14,664,868,395","9,210,393,303","5,454,475,092"
2012,December,"13,287,571,063","8,954,908,036","4,332,663,027"
2013,January,"13,317,170,140","9,339,028,761","3,978,141,379"
2013,February,"12,704,371,631","8,750,956,490","3,953,415,141"
2013,March,"12,198,186,300","10,003,257,594","2,194,928,706"
2013,April,"10,817,543,178","10,065,923,287","751,619,891"
2013,May,"10,701,123,834","9,955,239,293","745,884,541"
2013,June,"10,148,548,807","9,052,523,115","1,096,025,692"
2013,July,"10,441,479,424","9,346,032,596","1,095,446,828"
2013,August,"10,676,330,010","8,853,385,257","1,822,944,753"
2013,September,"11,035,955,921","8,436,648,048","2,599,307,873"
2013,October,"15,591,018,307","9,418,773,722","6,172,244,585"
2013,November,"16,230,230,042","8,877,933,186","7,352,296,856"
2013,December,"14,621,490,998","8,902,737,902","5,718,753,096"
2014,January,"14,493,054,513","9,299,437,434","5,193,617,079"
2014,February,"13,363,088,201","8,499,261,308","4,863,826,893"
2014,March,"14,056,809,428","10,670,813,072","3,385,996,356"
2014,April,"12,557,277,761","10,869,248,758","1,688,029,003"
2014,May,"12,139,935,502","10,548,726,393","1,591,209,109"
2014,June,"11,334,972,362","10,168,910,872","1,166,061,490"
2014,July,"10,934,885,992","10,005,941,439","928,944,553"
2014,August,"10,653,680,832","9,303,798,833","1,349,881,999"
2014,September,"10,872,568,566","9,322,612,551","1,549,956,015"
2014,October,"14,852,098,982","10,423,833,440","4,428,265,542"
2014,November,"15,066,831,347","9,478,232,339","5,588,599,008"
2014,December,"14,216,931,917","10,138,877,899","4,078,054,018"
2015,January,"12,451,638,498","10,120,762,149","2,330,876,349"
2015,February,"11,765,744,168","9,192,379,811","2,573,364,357"
2015,March,"12,622,416,678","11,261,754,416","1,360,662,262"
2015,April,"11,542,475,233","10,890,988,426","651,486,807"
2015,May,"11,046,712,292","10,391,645,009","655,067,283"
2015,June,"10,265,263,823","10,562,728,630","-297,464,807"
2015,July,"10,184,398,950","9,837,045,348","347,353,602"
2015,August,"9,990,858,698","9,648,737,497","342,121,201"
2015,September,"10,062,553,179","9,664,481,746","398,071,433"
2015,October,"13,038,192,199","9,869,779,931","3,168,412,268"
2015,November,"12,677,645,801","9,613,354,324","3,064,291,477"
2015,December,"11,568,068,072","10,068,203,110","1,499,864,962"
2016,January,"10,426,113,601","10,020,622,866","405,490,735"
2016,February,"10,979,058,427","10,109,555,431","869,502,996"
2016,March,"10,769,427,655","11,067,753,325","-298,325,670"
2016,April,"9,911,607,334","10,621,558,083","-709,950,749"
2016,May,"10,087,517,978","10,575,251,468","-487,733,490"
2016,June,"10,290,607,827","9,970,126,508","320,481,319"
2016,July,"10,943,110,036","9,449,908,645","1,493,201,391"
2016,August,"11,622,668,813","10,096,020,953","1,526,647,860"
2016,September,"11,404,740,424","9,621,321,096","1,783,419,328"
2016,October,"14,581,830,580","10,171,020,660","4,410,809,920"
2016,November,"14,673,158,296","10,431,105,166","4,242,053,130"
2016,December,"13,213,183,532","10,435,136,639","2,778,046,893"
2017,January,"12,388,118,856","10,671,323,297","1,716,795,559"
2017,February,"11,707,486,566","9,901,074,437","1,806,412,129"
2017,March,"12,914,806,072","11,559,179,036","1,355,627,036"
2017,April,"11,187,956,774","10,848,064,232","339,892,542"
2017,May,"11,059,650,462","11,362,688,013","-303,037,551"
2017,June,"10,744,687,488","10,692,423,860","52,263,628"
2017,July,"10,801,577,724","10,282,605,468","518,972,256"
2017,August,"10,627,602,681","10,670,919,403","-43,316,722"
2017,September,"10,880,728,965","10,125,453,237","755,275,728"
2017,October,"13,624,940,440","11,285,806,728","2,339,133,712"
2017,November,"13,869,127,412","10,986,055,957","2,883,071,455"
2017,December,"13,059,156,403","10,824,896,426","2,234,259,977"
2018,January,"11,752,354,685","11,614,436,343","137,918,342"
2018,February,"11,912,787,098","11,047,934,923","864,852,175"
2018,March,"13,376,640,756","12,347,208,794","1,029,431,962"
2018,April,"12,458,260,658","12,177,629,981","280,630,677"
2018,May,"12,676,697,219","12,340,753,132","335,944,087"
2018,June,"12,217,474,715","11,105,433,077","1,112,041,638"
2018,July,"11,551,307,483","11,342,731,261","208,576,222"
2018,August,"11,398,748,354","11,185,309,348","213,439,006"
2018,September,"10,722,477,022","10,219,367,299","503,109,723"
2018,October,"12,630,113,364","11,912,321,907","717,791,457"
2018,November,"12,453,862,257","11,185,971,385","1,267,890,872"
2018,December,"11,581,857,765","11,511,473,244","70,384,521"
2019,January,"11,770,317,248","11,992,986,130","-222,668,882"
2019,February,"11,164,230,494","10,637,869,448","526,361,046"
2019,March,"12,510,557,388","12,782,746,401","-272,189,013"
2019,April,"11,689,705,941","12,985,128,701","-1,295,422,760"
2019,May,"11,737,591,378","12,558,685,349","-821,093,971"
2019,June,"11,183,152,458","11,527,091,426","-343,938,968"
2019,July,"11,236,735,615","11,878,116,405","-641,380,790"
2019,August,"11,669,152,516","11,314,654,102","354,498,414"
2019,September,"10,466,435,974","11,149,660,389","-683,224,415"
2019,October,"12,413,913,711","12,076,619,761","337,293,950"
2019,November,"12,959,489,197","11,121,781,488","1,837,707,709"
2019,December,"12,280,241,138","11,537,112,800","743,128,338"
2020,January,"11,789,202,981","12,287,813,414","-498,610,433"
2020,February,"11,790,142,042","11,299,146,612","490,995,430"
2020,March,"12,292,260,838","13,277,732,969","-985,472,131"
2020,April,"10,987,922,762","12,118,958,738","-1,131,035,976"
2020,May,"10,586,093,377","11,993,040,753","-1,406,947,376"
2020,June,"10,200,559,315","11,853,742,984","-1,653,183,669"
2020,July,"10,617,143,944","11,832,939,123","-1,215,795,179"
2020,August,"11,500,354,905","11,977,656,668","-477,301,763"
2020,September,"12,306,829,212","12,026,111,752","280,717,460"
2020,October,"15,640,554,698","12,671,010,693","2,969,544,005"
2020,November,"15,814,782,777","12,424,578,854","3,390,203,923"
2020,December,"16,145,790,499","12,519,034,884","3,626,755,615"
2021,January,"15,534,501,355","12,848,250,220","2,686,251,135"
2021,February,"13,762,792,413","11,858,780,195","1,904,012,218"
2021,March,"15,361,750,914","14,583,718,282","778,032,632"
2021,April,"14,373,461,957","14,353,093,030","20,368,927"
2021,May,"14,705,806,541","14,558,726,288","147,080,253"
2021,June,"12,982,628,253","14,973,892,377","-1,991,264,124"
2021,July,"13,000,637,969","14,473,970,239","-1,473,332,270"
2021,August,"12,508,841,278","14,082,905,524","-1,574,064,246"
2021,September,"12,001,084,700","13,973,729,628","-1,972,644,928"
2021,October,"17,730,965,493","14,810,521,638","2,920,443,855"
2021,November,"18,314,173,912","15,405,176,424","2,908,997,488"
2021,December,"16,354,716,983","14,671,972,938","1,682,744,045"
2022,January,"15,836,810,337","15,785,522,702","51,287,635"
2022,February,"15,639,316,246","14,456,961,741","1,182,354,505"
2022,March,"17,530,374,899","17,825,834,474","-295,459,575"
2022,April,"17,411,426,442","17,610,429,216","-199,002,774"
2022,May,"17,090,640,185","17,807,442,586","-716,802,401"
2022,June,"16,181,706,234","17,247,582,027","-1,065,875,793"
2022,July,"14,860,735,108","15,780,930,873","-920,195,765"
2022,August,"15,515,598,820","16,867,104,424","-1,351,505,604"
2022,September,"13,588,482,456","15,868,021,734","-2,279,539,278"
2022,October,"17,737,353,545","17,107,867,942","629,485,603"
2022,November,"17,524,676,944","16,040,297,470","1,484,379,474"
2022,December,"16,762,487,171","15,845,216,442","917,270,729"
2023,January,"16,823,953,548","17,080,487,653","-256,534,105"
2023,February,"15,358,830,079","15,215,890,047","142,940,032"
2023,March,"15,839,363,533","17,698,580,551","-1,859,217,018"
2023,April,"14,298,098,437","16,267,753,021","-1,969,654,584"
2023,May,"13,971,829,758","16,945,211,371","-2,973,381,613"
2023,June,"12,610,110,507","15,945,129,120","-3,335,018,613"
2023,July,"12,104,061,191","15,747,598,371","-3,643,537,180"
2023,August,"12,507,852,416","16,109,417,328","-3,601,564,912"
2023,September,"12,645,080,391","15,330,208,039","-2,685,127,648"
2023,October,"16,386,748,452","16,874,102,804","-487,354,352"
2023,November,"16,157,176,099","15,993,228,531","163,947,568"
2023,December,"15,469,372,395","15,634,066,269","-164,693,874"
2024,January,"14,899,227,058","17,440,442,044","-2,541,214,986"
2024,February,"15,719,845,317","16,930,121,207","-1,210,275,890"
2024,March,"15,536,237,393","18,386,113,382","-2,849,875,989"
2024,April,"14,439,415,689","18,298,460,028","-3,859,044,339"
2024,May,"13,739,455,193","18,008,713,670","-4,269,258,477"
2024,June,"12,940,637,494","16,522,939,364","-3,582,301,870"
2024,July,"13,002,404,491","17,540,789,790","-4,538,385,299"
2024,August,"13,007,893,695","17,190,495,668","-4,182,601,973"
2024,September,"13,130,006,447","17,387,802,869","-4,257,796,422"
